hs,as,home,hr,away,ar,home_p,away_p,draw_p
0,3,Atlético Ottawa,L,Cavalry FC,W,0.13758333333333334,0.48704761904761895,0.3753690476190477
0,0,Valour FC,D,FC Edmonton,D,0.3211309523809524,0.2963571428571429,0.3825119047619048
0,0,HFX Wanderers FC,D,York9 FC,D,0.3070833333333334,0.32691666666666663,0.366
1,3,Cavalry FC,L,Pacific FC,W,0.3209166666666667,0.38141666666666657,0.29766666666666663
