hs,as,home,hr,away,ar,home_p,away_p,draw_p
1,3,York9 FC,L,Forge FC,W,0.33266666666666667,0.34199999999999997,0.32533333333333325
1,1,FC Edmonton,D,HFX Wanderers FC,D,0.31483333333333335,0.3145,0.37066666666666664
0,2,Atlético Ottawa,L,Cavalry FC,W,0.34491666666666665,0.3588809523809524,0.2962023809523809
0,0,Valour FC,D,FC Edmonton,D,0.30057539682539686,0.2884404761904762,0.41098412698412695
