hs,as,home,hr,away,ar,home_p,away_p,draw_p
1,3,Forge FC,L,Pacific FC,W,0.3085,0.36108333333333337,0.3304166666666666
0,0,Cavalry FC,D,HFX Wanderers FC,D,0.33958333333333335,0.29480952380952385,0.36560714285714285
0,3,Cavalry FC,L,Forge FC,W,0.33375,0.3694761904761904,0.2967738095238095
1,3,HFX Wanderers FC,L,Pacific FC,W,0.2534166666666667,0.41055952380952376,0.3360238095238095
