hs,as,home,hr,away,ar,home_p,away_p,draw_p
0,2,Cavalry FC,L,York9 FC,W,0.33458333333333334,0.3762261904761905,0.28919047619047616
0,0,HFX Wanderers FC,D,Atlético Ottawa,D,0.2760833333333333,0.3463095238095238,0.37760714285714286
1,3,Pacific FC,L,FC Edmonton,W,0.23958333333333331,0.38616666666666666,0.37425000000000014
3,1,Forge FC,W,HFX Wanderers FC,L,0.35850000000000004,0.29925,0.34224999999999994
