hs,as,home,hr,away,ar,home_p,away_p,draw_p
1,1,York9 FC,D,Valour FC,D,0.3408333333333334,0.282857142857143,0.3763095238095238
2,2,Forge FC,D,Pacific FC,D,0.3541666666666668,0.2881666666666666,0.3576666666666666
0,0,Atlético Ottawa,D,FC Edmonton,D,0.3261309523809524,0.3060357142857143,0.3678333333333333
0,2,Cavalry FC,L,HFX Wanderers FC,W,0.35,0.3533333333333333,0.29666666666666663
