hs,as,home,hr,away,ar,home_p,away_p,draw_p
0,0,FC Edmonton,D,York9 FC,D,0.2725,0.31647619047619047,0.4110238095238096
2,1,Valour FC,W,HFX Wanderers FC,L,0.35474999999999995,0.29988095238095247,0.3453690476190476
1,2,Pacific FC,L,Atlético Ottawa,W,0.2521666666666667,0.39416666666666655,0.35366666666666674
2,2,Forge FC,D,Valour FC,D,0.34308333333333335,0.26725,0.3896666666666666
