hs,as,home,hr,away,ar,home_p,away_p,draw_p
2,3,Cavalry FC,L,Forge FC,W,0.3324999999999999,0.36066666666666664,0.3068333333333333
1,3,HFX Wanderers FC,L,Pacific FC,W,0.2555,0.38016666666666665,0.3643333333333333
