hs,as,home,hr,away,ar,home_p,away_p,draw_p
1,2,HFX Wanderers FC,L,Atlético Ottawa,W,0.26833333333333337,0.3678214285714286,0.3638452380952381
1,3,Pacific FC,L,FC Edmonton,W,0.25363095238095235,0.4062023809523809,0.34016666666666656
3,2,Cavalry FC,W,HFX Wanderers FC,L,0.3483333333333333,0.34291666666666665,0.30875
3,2,Forge FC,W,York9 FC,L,0.36016666666666663,0.3408095238095239,0.29902380952380947
