hs,as,home,hr,away,ar,home_p,away_p,draw_p
1,1,FC Edmonton,D,HFX Wanderers FC,D,0.31316666666666665,0.33449999999999996,0.35233333333333333
0,3,Atlético Ottawa,L,Cavalry FC,W,0.14008333333333334,0.4915476190476189,0.3683690476190476
0,0,Valour FC,D,FC Edmonton,D,0.31363095238095245,0.3113571428571429,0.3750119047619047
3,1,HFX Wanderers FC,W,York9 FC,L,0.46258333333333335,0.20160714285714287,0.33580952380952384
