hs,as,home,hr,away,ar,home_p,away_p,draw_p
0,0,Forge FC,D,Valour FC,D,0.34808333333333336,0.26725,0.3846666666666666
0,2,Cavalry FC,L,York9 FC,W,0.335,0.36239285714285707,0.30260714285714285
1,2,HFX Wanderers FC,L,Atlético Ottawa,W,0.27,0.39264285714285707,0.33735714285714286
1,2,Pacific FC,L,FC Edmonton,W,0.27541666666666664,0.37074999999999997,0.35383333333333333
