hs,as,home,hr,away,ar,home_p,away_p,draw_p
2,1,Valour FC,W,FC Edmonton,L,0.5068333333333334,0.13697619047619045,0.3561904761904761
0,1,HFX Wanderers FC,L,York9 FC,W,0.3241666666666667,0.34647619047619044,0.32935714285714285
0,2,Cavalry FC,L,Pacific FC,W,0.3189166666666667,0.37889285714285714,0.3021904761904762
1,3,Atlético Ottawa,L,Forge FC,W,0.28208333333333335,0.3644761904761904,0.3534404761904762
