hs,as,home,hr,away,ar,home_p,away_p,draw_p
1,1,Pacific FC,D,Valour FC,D,0.3435000000000001,0.3110833333333333,0.3454166666666666
1,1,York9 FC,D,Forge FC,D,0.3393333333333334,0.3078095238095238,0.3528571428571429
0,0,FC Edmonton,D,HFX Wanderers FC,D,0.3325000000000001,0.32666666666666666,0.34083333333333327
1,3,Atlético Ottawa,L,Cavalry FC,W,0.3034166666666667,0.37871428571428567,0.3178690476190475
