hs,as,home,hr,away,ar,home_p,away_p,draw_p
1,1,Forge FC,D,HFX Wanderers FC,D,0.32641666666666663,0.30158333333333337,0.37199999999999994
