hs,as,home,hr,away,ar,home_p,away_p,draw_p
2,1,Valour FC,W,HFX Wanderers FC,L,0.3814166666666667,0.2820000000000001,0.33658333333333323
1,3,Pacific FC,L,Atlético Ottawa,W,0.23633333333333334,0.4116666666666666,0.352
0,0,Forge FC,D,Valour FC,D,0.3470833333333333,0.2745595238095238,0.3783571428571429
4,1,Cavalry FC,W,York9 FC,L,0.4734166666666667,0.20791666666666672,0.31866666666666665
