hs,as,home,hr,away,ar,home_p,away_p,draw_p
0,0,Atlético Ottawa,D,FC Edmonton,D,0.3261309523809524,0.3060357142857143,0.3678333333333333
0,2,Cavalry FC,L,HFX Wanderers FC,W,0.35,0.3533333333333333,0.29666666666666663
1,1,Pacific FC,D,Valour FC,D,0.3435000000000001,0.3110833333333333,0.3454166666666666
1,1,York9 FC,D,Forge FC,D,0.3393333333333334,0.3078095238095238,0.3528571428571429
