hs,as,home,hr,away,ar,home_p,away_p,draw_p
2,3,Cavalry FC,L,Pacific FC,W,0.3096666666666667,0.3661666666666667,0.3241666666666667
2,3,HFX Wanderers FC,L,Forge FC,W,0.2929166666666667,0.4003928571428571,0.3066904761904761
1,3,Forge FC,L,Pacific FC,W,0.31483333333333335,0.3544166666666667,0.3307499999999999
0,2,Cavalry FC,L,HFX Wanderers FC,W,0.3316666666666667,0.3754999999999999,0.29283333333333333
