hs,as,home,hr,away,ar,home_p,away_p,draw_p
0,2,Cavalry FC,L,Pacific FC,W,0.3124166666666667,0.3659761904761904,0.32160714285714287
1,3,Atlético Ottawa,L,Forge FC,W,0.2733333333333334,0.3758095238095238,0.35085714285714287
1,2,FC Edmonton,L,York9 FC,W,0.25708333333333333,0.37522619047619044,0.36769047619047623
2,1,Valour FC,W,HFX Wanderers FC,L,0.38766666666666666,0.24854761904761907,0.36378571428571427
